{"Name":"TS_CreateSearchDeleteLead","Status":"Passed","Server":"Local","TestEnv":"QA","Id":null,"StartTime":"27-09-2019 14:50:49","EndTime":"27-09-2019 14:54:28","TotalTime":"0days:0hh:3min:39secs","Passed":"35","Failed":"0","TestSteps":[{"ScreenShot":null,"Description":"Invoked browser : Chrome","StepStatus":"Pass","No":"0","DateTime":"27-09-2019 14:50:58"},{"ScreenShot":null,"Description":"Login into SalesCRM","StepStatus":"Info","No":"1","DateTime":"27-09-2019 14:50:58"},{"ScreenShot":"PSTS_CreateSearchDeleteLead-Chr76Win10_0.png","Description":"Username is set to apptest@ggktech.com","StepStatus":"Pass","No":"2","DateTime":"27-09-2019 14:51:02"},{"ScreenShot":"PSTS_CreateSearchDeleteLead-Chr76Win10_2.png","Description":"Password is entered","StepStatus":"Pass","No":"3","DateTime":"27-09-2019 14:51:06"},{"ScreenShot":null,"Description":"Login is clicked","StepStatus":"Pass","No":"4","DateTime":"27-09-2019 14:51:07"},{"ScreenShot":null,"Description":"CRM Home page : Home is displayed","StepStatus":"Pass","No":"5","DateTime":"27-09-2019 14:51:18"},{"ScreenShot":null,"Description":"Home : Page Load Time is : 8secs","StepStatus":"Pass","No":"6","DateTime":"27-09-2019 14:51:18"},{"ScreenShot":null,"Description":"Broken Links are present in the page","StepStatus":"Warning","No":"7","DateTime":"27-09-2019 14:51:19"},{"ScreenShot":null,"Description":"BrokenLinkchrome --- TS_CreateSearchDeleteLead --- Link text :  --- URL : http://demo.ggktech.com/Dashboard/Home --- 500 --- Internal Server Error","StepStatus":"Warning","No":"8","DateTime":"27-09-2019 14:51:19"},{"ScreenShot":null,"Description":"BrokenLinkchrome --- TS_CreateLead --- Link text :  --- URL : http://demo.ggktech.com/Dashboard/Home --- 500 --- Internal Server Error","StepStatus":"Warning","No":"9","DateTime":"27-09-2019 14:51:19"},{"ScreenShot":null,"Description":"BrokenLinkchrome --- TS_CreateSearchDeleteLead --- Link text : 0 --- URL : http://demo.ggktech.com/Dashboard/Home# --- 500 --- Internal Server Error","StepStatus":"Warning","No":"10","DateTime":"27-09-2019 14:51:19"},{"ScreenShot":null,"Description":"BrokenLinkchrome --- TS_CreateLead --- Link text : 0 --- URL : http://demo.ggktech.com/Dashboard/Home# --- 500 --- Internal Server Error","StepStatus":"Warning","No":"11","DateTime":"27-09-2019 14:51:19"},{"ScreenShot":null,"Description":"BrokenLinkchrome --- TS_CreateLead --- Link text : Test Admin --- URL : http://demo.ggktech.com/Dashboard/Home# --- 500 --- Internal Server Error","StepStatus":"Warning","No":"12","DateTime":"27-09-2019 14:51:19"},{"ScreenShot":null,"Description":"BrokenLinkchrome --- TS_CreateSearchDeleteLead --- Link text : Test Admin --- URL : http://demo.ggktech.com/Dashboard/Home# --- 500 --- Internal Server Error","StepStatus":"Warning","No":"13","DateTime":"27-09-2019 14:51:19"},{"ScreenShot":null,"Description":"BrokenLinkchrome --- TS_CreateSearchDeleteLead --- Link text :  --- URL : http://demo.ggktech.com/Dashboard/Home# --- 500 --- Internal Server Error","StepStatus":"Warning","No":"14","DateTime":"27-09-2019 14:51:19"},{"ScreenShot":null,"Description":"BrokenLinkchrome --- TS_CreateSearchDeleteLead --- Link text :  --- URL : http://demo.ggktech.com/Dashboard/Home --- 500 --- Internal Server Error","StepStatus":"Warning","No":"15","DateTime":"27-09-2019 14:51:19"},{"ScreenShot":null,"Description":"BrokenLinkchrome --- TS_CreateLead --- Link text :  --- URL : http://demo.ggktech.com/Dashboard/Home# --- 500 --- Internal Server Error","StepStatus":"Warning","No":"16","DateTime":"27-09-2019 14:51:19"},{"ScreenShot":null,"Description":"BrokenLinkchrome --- TS_CreateLead --- Link text :  --- URL : http://demo.ggktech.com/Dashboard/Home --- 500 --- Internal Server Error","StepStatus":"Warning","No":"17","DateTime":"27-09-2019 14:51:19"},{"ScreenShot":null,"Description":"BrokenLinkchrome --- TS_CreateLead --- Link text :  --- URL : http://demo.ggktech.com/Email/EmailTemplate --- 500 --- Internal Server Error","StepStatus":"Warning","No":"18","DateTime":"27-09-2019 14:51:19"},{"ScreenShot":null,"Description":"BrokenLinkchrome --- TS_CreateSearchDeleteLead --- Link text :  --- URL : http://demo.ggktech.com/Email/EmailTemplate --- 500 --- Internal Server Error","StepStatus":"Warning","No":"19","DateTime":"27-09-2019 14:51:19"},{"ScreenShot":null,"Description":"BrokenLinkchrome --- TS_CreateSearchDeleteLead --- Link text :  --- URL : http://demo.ggktech.com/Dashboard/Home#control-sidebar-home-tab --- 500 --- Internal Server Error","StepStatus":"Warning","No":"20","DateTime":"27-09-2019 14:51:19"},{"ScreenShot":null,"Description":"BrokenLinkchrome --- TS_CreateLead --- Link text :  --- URL : http://demo.ggktech.com/Dashboard/Home#control-sidebar-home-tab --- 500 --- Internal Server Error","StepStatus":"Warning","No":"21","DateTime":"27-09-2019 14:51:19"},{"ScreenShot":null,"Description":"BrokenLinkchrome --- TS_CreateSearchDeleteLead --- Link text :  --- URL : http://demo.ggktech.com/Dashboard/Home# --- 500 --- Internal Server Error","StepStatus":"Warning","No":"22","DateTime":"27-09-2019 14:51:19"},{"ScreenShot":null,"Description":"BrokenLinkchrome --- TS_CreateLead --- Link text :  --- URL : http://demo.ggktech.com/Dashboard/Home# --- 500 --- Internal Server Error","StepStatus":"Warning","No":"23","DateTime":"27-09-2019 14:51:19"},{"ScreenShot":null,"Description":"BrokenLinkchrome --- TS_CreateSearchDeleteLead --- Link text :  --- URL : http://demo.ggktech.com/Dashboard/Home# --- 500 --- Internal Server Error","StepStatus":"Warning","No":"24","DateTime":"27-09-2019 14:51:19"},{"ScreenShot":null,"Description":"BrokenLinkchrome --- TS_CreateLead --- Link text :  --- URL : http://demo.ggktech.com/Dashboard/Home# --- 500 --- Internal Server Error","StepStatus":"Warning","No":"25","DateTime":"27-09-2019 14:51:19"},{"ScreenShot":null,"Description":"BrokenLinkchrome --- TS_CreateSearchDeleteLead --- Link text :  --- URL : http://demo.ggktech.com/Dashboard/Home# --- 500 --- Internal Server Error","StepStatus":"Warning","No":"26","DateTime":"27-09-2019 14:51:19"},{"ScreenShot":null,"Description":"BrokenLinkchrome --- TS_CreateLead --- Link text :  --- URL : http://demo.ggktech.com/Dashboard/Home# --- 500 --- Internal Server Error","StepStatus":"Warning","No":"27","DateTime":"27-09-2019 14:51:19"},{"ScreenShot":null,"Description":"BrokenLinkchrome --- TS_CreateSearchDeleteLead --- Link text :  --- URL : http://demo.ggktech.com/Dashboard/Home# --- 500 --- Internal Server Error","StepStatus":"Warning","No":"28","DateTime":"27-09-2019 14:51:19"},{"ScreenShot":null,"Description":"BrokenLinkchrome --- TS_CreateLead --- Link text :  --- URL : http://demo.ggktech.com/Dashboard/Home# --- 500 --- Internal Server Error","StepStatus":"Warning","No":"29","DateTime":"27-09-2019 14:51:19"},{"ScreenShot":null,"Description":"BrokenLinkchrome --- TS_CreateSearchDeleteLead --- Link text :  --- URL : http://demo.ggktech.com/Email/EmailTemplateSearch --- 500 --- Internal Server Error","StepStatus":"Warning","No":"30","DateTime":"27-09-2019 14:51:19"},{"ScreenShot":null,"Description":"BrokenLinkchrome --- TS_CreateLead --- Link text :  --- URL : http://demo.ggktech.com/Email/EmailTemplateSearch --- 500 --- Internal Server Error","StepStatus":"Warning","No":"31","DateTime":"27-09-2019 14:51:19"},{"ScreenShot":null,"Description":"Number of Malformed urls present in the page : 6","StepStatus":"Warning","No":"32","DateTime":"27-09-2019 14:51:19"},{"ScreenShot":null,"Description":"Navigate to Create Lead Page","StepStatus":"Info","No":"33","DateTime":"27-09-2019 14:51:19"},{"ScreenShot":null,"Description":"Leadmangement button is clicked","StepStatus":"Pass","No":"34","DateTime":"27-09-2019 14:51:23"},{"ScreenShot":null,"Description":"Create lead button is clicked","StepStatus":"Pass","No":"35","DateTime":"27-09-2019 14:51:35"},{"ScreenShot":null,"Description":"Create Lead Page : Create Lead is displayed","StepStatus":"Pass","No":"36","DateTime":"27-09-2019 14:51:44"},{"ScreenShot":null,"Description":"Create Lead : Page Load Time is : 3secs","StepStatus":"Pass","No":"37","DateTime":"27-09-2019 14:51:44"},{"ScreenShot":null,"Description":"Broken Links are present in the page","StepStatus":"Warning","No":"38","DateTime":"27-09-2019 14:51:46"},{"ScreenShot":null,"Description":"BrokenLinkchrome --- TS_CreateSearchDeleteLead --- Link text :  --- URL : http://demo.ggktech.com/Dashboard/Home --- 500 --- Internal Server Error","StepStatus":"Warning","No":"39","DateTime":"27-09-2019 14:51:46"},{"ScreenShot":null,"Description":"BrokenLinkchrome --- TS_CreateSearchDeleteLead --- Link text :  --- URL : http://demo.ggktech.com/Dashboard/Home --- 500 --- Internal Server Error","StepStatus":"Warning","No":"40","DateTime":"27-09-2019 14:51:46"},{"ScreenShot":null,"Description":"BrokenLinkchrome --- TS_CreateSearchDeleteLead --- Link text :  --- URL : http://demo.ggktech.com/Email/EmailTemplate --- 500 --- Internal Server Error","StepStatus":"Warning","No":"41","DateTime":"27-09-2019 14:51:46"},{"ScreenShot":null,"Description":"BrokenLinkchrome --- TS_CreateSearchDeleteLead --- Link text :  --- URL : http://demo.ggktech.com/Email/EmailTemplateSearch --- 500 --- Internal Server Error","StepStatus":"Warning","No":"42","DateTime":"27-09-2019 14:51:46"},{"ScreenShot":null,"Description":"Number of Malformed urls present in the page : 7","StepStatus":"Warning","No":"43","DateTime":"27-09-2019 14:51:46"},{"ScreenShot":null,"Description":"Enter the Lead details and click on Save","StepStatus":"Info","No":"44","DateTime":"27-09-2019 14:51:46"},{"ScreenShot":"PSTS_CreateSearchDeleteLead-Chr76Win10_5.png","Description":"Orginisation is set to SolutionProvider","StepStatus":"Pass","No":"45","DateTime":"27-09-2019 14:51:46"},{"ScreenShot":"PSTS_CreateSearchDeleteLead-Chr76Win10_6.png","Description":"Website is set to http:\\www.google233.160496429963161.co.in","StepStatus":"Pass","No":"46","DateTime":"27-09-2019 14:51:47"},{"ScreenShot":"PSTS_CreateSearchDeleteLead-Chr76Win10_7.png","Description":"Country is set to United States","StepStatus":"Pass","No":"47","DateTime":"27-09-2019 14:51:49"},{"ScreenShot":"PSTS_CreateSearchDeleteLead-Chr76Win10_8.png","Description":"State is set to Alabama","StepStatus":"Pass","No":"48","DateTime":"27-09-2019 14:51:53"},{"ScreenShot":"PSTS_CreateSearchDeleteLead-Chr76Win10_9.png","Description":"Contact First Name is set to Brian","StepStatus":"Pass","No":"49","DateTime":"27-09-2019 14:52:04"},{"ScreenShot":"PSTS_CreateSearchDeleteLead-Chr76Win10_10.png","Description":"Contact Last Name is set to John","StepStatus":"Pass","No":"50","DateTime":"27-09-2019 14:52:04"},{"ScreenShot":"PSTS_CreateSearchDeleteLead-Chr76Win10_11.png","Description":"Contact Designation is set to Sales Manager","StepStatus":"Pass","No":"51","DateTime":"27-09-2019 14:52:05"},{"ScreenShot":"PSTS_CreateSearchDeleteLead-Chr76Win10_12.png","Description":"Contact Email is set to JohnB@gmail.com","StepStatus":"Pass","No":"52","DateTime":"27-09-2019 14:52:06"},{"ScreenShot":null,"Description":"Add Contact is clicked","StepStatus":"Pass","No":"53","DateTime":"27-09-2019 14:52:06"},{"ScreenShot":null,"Description":"Save is clicked","StepStatus":"Pass","No":"54","DateTime":"27-09-2019 14:52:30"},{"ScreenShot":"PSTS_CreateSearchDeleteLead-Chr76Win10_13.png","Description":"Verifying success message : Saved Successfully!!! is displayed","StepStatus":"Pass","No":"55","DateTime":"27-09-2019 14:52:31"},{"ScreenShot":null,"Description":"Navigate to Search Lead Page","StepStatus":"Info","No":"56","DateTime":"27-09-2019 14:52:40"},{"ScreenShot":null,"Description":"Search lead button is clicked","StepStatus":"Pass","No":"57","DateTime":"27-09-2019 14:53:05"},{"ScreenShot":null,"Description":"Searchleads Page : GetLeadDetails is displayed","StepStatus":"Pass","No":"58","DateTime":"27-09-2019 14:53:14"},{"ScreenShot":null,"Description":"GetLeadDetails : Page Load Time is : 0secs","StepStatus":"Pass","No":"59","DateTime":"27-09-2019 14:53:14"},{"ScreenShot":null,"Description":"Broken Links are present in the page","StepStatus":"Warning","No":"60","DateTime":"27-09-2019 14:53:18"},{"ScreenShot":null,"Description":"BrokenLinkchrome --- TS_CreateSearchDeleteLead --- Link text :  --- URL : http://demo.ggktech.com/Dashboard/Home --- 500 --- Internal Server Error","StepStatus":"Warning","No":"61","DateTime":"27-09-2019 14:53:18"},{"ScreenShot":null,"Description":"BrokenLinkchrome --- TS_CreateSearchDeleteLead --- Link text :  --- URL : http://demo.ggktech.com/Dashboard/Home --- 500 --- Internal Server Error","StepStatus":"Warning","No":"62","DateTime":"27-09-2019 14:53:18"},{"ScreenShot":null,"Description":"BrokenLinkchrome --- TS_CreateSearchDeleteLead --- Link text :  --- URL : http://demo.ggktech.com/Email/EmailTemplate --- 500 --- Internal Server Error","StepStatus":"Warning","No":"63","DateTime":"27-09-2019 14:53:18"},{"ScreenShot":null,"Description":"BrokenLinkchrome --- TS_CreateSearchDeleteLead --- Link text :  --- URL : http://demo.ggktech.com/Email/EmailTemplateSearch --- 500 --- Internal Server Error","StepStatus":"Warning","No":"64","DateTime":"27-09-2019 14:53:18"},{"ScreenShot":null,"Description":"BrokenLinkchrome --- TS_CreateSearchDeleteLead --- Link text :  --- URL : http://demo.ggktech.com/Grid/ExportFile --- 500 --- Internal Server Error","StepStatus":"Warning","No":"65","DateTime":"27-09-2019 14:53:18"},{"ScreenShot":null,"Description":"Number of Malformed urls present in the page : 32","StepStatus":"Warning","No":"66","DateTime":"27-09-2019 14:53:18"},{"ScreenShot":null,"Description":"Records count : 10 is selected","StepStatus":"Pass","No":"67","DateTime":"27-09-2019 14:53:18"},{"ScreenShot":null,"Description":"Search Lead which was created before","StepStatus":"Info","No":"68","DateTime":"27-09-2019 14:53:27"},{"ScreenShot":"PSTS_CreateSearchDeleteLead-Chr76Win10_14.png","Description":"Orginasation name is set to SolutionProvider","StepStatus":"Pass","No":"69","DateTime":"27-09-2019 14:53:33"},{"ScreenShot":null,"Description":"Search  button is clicked","StepStatus":"Pass","No":"70","DateTime":"27-09-2019 14:53:34"},{"ScreenShot":"PSTS_CreateSearchDeleteLead-Chr76Win10_15.png","Description":"Organisation name : SolutionProvider is displayed","StepStatus":"Pass","No":"71","DateTime":"27-09-2019 14:53:43"},{"ScreenShot":null,"Description":"Delete the lead and verify alert message","StepStatus":"Info","No":"72","DateTime":"27-09-2019 14:53:43"},{"ScreenShot":null,"Description":"Lead record is clicked","StepStatus":"Pass","No":"73","DateTime":"27-09-2019 14:53:45"},{"ScreenShot":null,"Description":"Delete button is clicked","StepStatus":"Pass","No":"74","DateTime":"27-09-2019 14:53:57"},{"ScreenShot":null,"Description":"Accepted alert : Lead Delete Confirmation","StepStatus":"Pass","No":"75","DateTime":"27-09-2019 14:53:57"},{"ScreenShot":null,"Description":"Alert with text 'Successfully deleted record !!' is displayed","StepStatus":"Pass","No":"76","DateTime":"27-09-2019 14:53:57"},{"ScreenShot":null,"Description":"Accepted alert : Lead Deleted Success alert","StepStatus":"Pass","No":"77","DateTime":"27-09-2019 14:53:57"},{"ScreenShot":null,"Description":"Logout of Application","StepStatus":"Info","No":"78","DateTime":"27-09-2019 14:54:06"},{"ScreenShot":null,"Description":"Username is clicked","StepStatus":"Pass","No":"79","DateTime":"27-09-2019 14:54:17"},{"ScreenShot":null,"Description":"Logout button is clicked","StepStatus":"Pass","No":"80","DateTime":"27-09-2019 14:54:28"}]}