{"Name":"TS_CreateLead","Status":"Failed","Server":"Local","TestEnv":"QA","Id":null,"StartTime":"27-09-2019 14:50:49","EndTime":"27-09-2019 14:51:43","TotalTime":"0days:0hh:0min:54secs","Passed":"7","Failed":"1","TestSteps":[{"ScreenShot":null,"Description":"Invoked browser : Chrome","StepStatus":"Pass","No":"0","DateTime":"27-09-2019 14:51:01"},{"ScreenShot":null,"Description":"Login into SalesCRM","StepStatus":"Info","No":"1","DateTime":"27-09-2019 14:51:01"},{"ScreenShot":"PSTS_CreateLead-Chr76Win10_1.png","Description":"Username is set to apptest@ggktech.com","StepStatus":"Pass","No":"2","DateTime":"27-09-2019 14:51:04"},{"ScreenShot":"PSTS_CreateLead-Chr76Win10_3.png","Description":"Password is entered","StepStatus":"Pass","No":"3","DateTime":"27-09-2019 14:51:08"},{"ScreenShot":null,"Description":"Login is clicked","StepStatus":"Pass","No":"4","DateTime":"27-09-2019 14:51:09"},{"ScreenShot":null,"Description":"CRM Home page : Home is displayed","StepStatus":"Pass","No":"5","DateTime":"27-09-2019 14:51:18"},{"ScreenShot":null,"Description":"Home : Page Load Time is : 6secs","StepStatus":"Pass","No":"6","DateTime":"27-09-2019 14:51:18"},{"ScreenShot":null,"Description":"Broken Links are present in the page","StepStatus":"Warning","No":"7","DateTime":"27-09-2019 14:51:19"},{"ScreenShot":null,"Description":"BrokenLinkchrome --- TS_CreateSearchDeleteLead --- Link text :  --- URL : http://demo.ggktech.com/Dashboard/Home --- 500 --- Internal Server Error","StepStatus":"Warning","No":"8","DateTime":"27-09-2019 14:51:19"},{"ScreenShot":null,"Description":"BrokenLinkchrome --- TS_CreateLead --- Link text :  --- URL : http://demo.ggktech.com/Dashboard/Home --- 500 --- Internal Server Error","StepStatus":"Warning","No":"9","DateTime":"27-09-2019 14:51:19"},{"ScreenShot":null,"Description":"BrokenLinkchrome --- TS_CreateSearchDeleteLead --- Link text : 0 --- URL : http://demo.ggktech.com/Dashboard/Home# --- 500 --- Internal Server Error","StepStatus":"Warning","No":"10","DateTime":"27-09-2019 14:51:19"},{"ScreenShot":null,"Description":"BrokenLinkchrome --- TS_CreateLead --- Link text : 0 --- URL : http://demo.ggktech.com/Dashboard/Home# --- 500 --- Internal Server Error","StepStatus":"Warning","No":"11","DateTime":"27-09-2019 14:51:19"},{"ScreenShot":null,"Description":"BrokenLinkchrome --- TS_CreateLead --- Link text : Test Admin --- URL : http://demo.ggktech.com/Dashboard/Home# --- 500 --- Internal Server Error","StepStatus":"Warning","No":"12","DateTime":"27-09-2019 14:51:19"},{"ScreenShot":null,"Description":"BrokenLinkchrome --- TS_CreateSearchDeleteLead --- Link text : Test Admin --- URL : http://demo.ggktech.com/Dashboard/Home# --- 500 --- Internal Server Error","StepStatus":"Warning","No":"13","DateTime":"27-09-2019 14:51:19"},{"ScreenShot":null,"Description":"BrokenLinkchrome --- TS_CreateSearchDeleteLead --- Link text :  --- URL : http://demo.ggktech.com/Dashboard/Home# --- 500 --- Internal Server Error","StepStatus":"Warning","No":"14","DateTime":"27-09-2019 14:51:19"},{"ScreenShot":null,"Description":"BrokenLinkchrome --- TS_CreateSearchDeleteLead --- Link text :  --- URL : http://demo.ggktech.com/Dashboard/Home --- 500 --- Internal Server Error","StepStatus":"Warning","No":"15","DateTime":"27-09-2019 14:51:19"},{"ScreenShot":null,"Description":"BrokenLinkchrome --- TS_CreateLead --- Link text :  --- URL : http://demo.ggktech.com/Dashboard/Home# --- 500 --- Internal Server Error","StepStatus":"Warning","No":"16","DateTime":"27-09-2019 14:51:19"},{"ScreenShot":null,"Description":"BrokenLinkchrome --- TS_CreateLead --- Link text :  --- URL : http://demo.ggktech.com/Dashboard/Home --- 500 --- Internal Server Error","StepStatus":"Warning","No":"17","DateTime":"27-09-2019 14:51:19"},{"ScreenShot":null,"Description":"BrokenLinkchrome --- TS_CreateLead --- Link text :  --- URL : http://demo.ggktech.com/Email/EmailTemplate --- 500 --- Internal Server Error","StepStatus":"Warning","No":"18","DateTime":"27-09-2019 14:51:19"},{"ScreenShot":null,"Description":"BrokenLinkchrome --- TS_CreateSearchDeleteLead --- Link text :  --- URL : http://demo.ggktech.com/Email/EmailTemplate --- 500 --- Internal Server Error","StepStatus":"Warning","No":"19","DateTime":"27-09-2019 14:51:19"},{"ScreenShot":null,"Description":"BrokenLinkchrome --- TS_CreateSearchDeleteLead --- Link text :  --- URL : http://demo.ggktech.com/Dashboard/Home#control-sidebar-home-tab --- 500 --- Internal Server Error","StepStatus":"Warning","No":"20","DateTime":"27-09-2019 14:51:19"},{"ScreenShot":null,"Description":"BrokenLinkchrome --- TS_CreateLead --- Link text :  --- URL : http://demo.ggktech.com/Dashboard/Home#control-sidebar-home-tab --- 500 --- Internal Server Error","StepStatus":"Warning","No":"21","DateTime":"27-09-2019 14:51:19"},{"ScreenShot":null,"Description":"BrokenLinkchrome --- TS_CreateSearchDeleteLead --- Link text :  --- URL : http://demo.ggktech.com/Dashboard/Home# --- 500 --- Internal Server Error","StepStatus":"Warning","No":"22","DateTime":"27-09-2019 14:51:19"},{"ScreenShot":null,"Description":"BrokenLinkchrome --- TS_CreateLead --- Link text :  --- URL : http://demo.ggktech.com/Dashboard/Home# --- 500 --- Internal Server Error","StepStatus":"Warning","No":"23","DateTime":"27-09-2019 14:51:19"},{"ScreenShot":null,"Description":"BrokenLinkchrome --- TS_CreateSearchDeleteLead --- Link text :  --- URL : http://demo.ggktech.com/Dashboard/Home# --- 500 --- Internal Server Error","StepStatus":"Warning","No":"24","DateTime":"27-09-2019 14:51:19"},{"ScreenShot":null,"Description":"BrokenLinkchrome --- TS_CreateLead --- Link text :  --- URL : http://demo.ggktech.com/Dashboard/Home# --- 500 --- Internal Server Error","StepStatus":"Warning","No":"25","DateTime":"27-09-2019 14:51:19"},{"ScreenShot":null,"Description":"BrokenLinkchrome --- TS_CreateSearchDeleteLead --- Link text :  --- URL : http://demo.ggktech.com/Dashboard/Home# --- 500 --- Internal Server Error","StepStatus":"Warning","No":"26","DateTime":"27-09-2019 14:51:19"},{"ScreenShot":null,"Description":"BrokenLinkchrome --- TS_CreateLead --- Link text :  --- URL : http://demo.ggktech.com/Dashboard/Home# --- 500 --- Internal Server Error","StepStatus":"Warning","No":"27","DateTime":"27-09-2019 14:51:19"},{"ScreenShot":null,"Description":"BrokenLinkchrome --- TS_CreateSearchDeleteLead --- Link text :  --- URL : http://demo.ggktech.com/Dashboard/Home# --- 500 --- Internal Server Error","StepStatus":"Warning","No":"28","DateTime":"27-09-2019 14:51:19"},{"ScreenShot":null,"Description":"BrokenLinkchrome --- TS_CreateLead --- Link text :  --- URL : http://demo.ggktech.com/Dashboard/Home# --- 500 --- Internal Server Error","StepStatus":"Warning","No":"29","DateTime":"27-09-2019 14:51:19"},{"ScreenShot":null,"Description":"BrokenLinkchrome --- TS_CreateSearchDeleteLead --- Link text :  --- URL : http://demo.ggktech.com/Email/EmailTemplateSearch --- 500 --- Internal Server Error","StepStatus":"Warning","No":"30","DateTime":"27-09-2019 14:51:19"},{"ScreenShot":null,"Description":"BrokenLinkchrome --- TS_CreateLead --- Link text :  --- URL : http://demo.ggktech.com/Email/EmailTemplateSearch --- 500 --- Internal Server Error","StepStatus":"Warning","No":"31","DateTime":"27-09-2019 14:51:19"},{"ScreenShot":null,"Description":"Number of Malformed urls present in the page : 6","StepStatus":"Warning","No":"32","DateTime":"27-09-2019 14:51:19"},{"ScreenShot":null,"Description":"Navigate to Create Lead Page","StepStatus":"Info","No":"33","DateTime":"27-09-2019 14:51:19"},{"ScreenShot":null,"Description":"Leadmangement button is clicked","StepStatus":"Pass","No":"34","DateTime":"27-09-2019 14:51:23"},{"ScreenShot":"FSTS_CreateLead-Chr76Win10_4.png","Description":" Expected condition failed: waiting for visibility of element located by By.xpath: //span[contains(text(),'Create Lead')] (tried for 10 second(s) with 500 MILLISECONDS interval)\n","StepStatus":"Fail","No":"35","DateTime":"27-09-2019 14:51:42"}]}