{"Name":"TS_CreateLead","Status":"Failed","Server":"Local","TestEnv":"QA","Id":null,"StartTime":"27-09-2019 14:54:35","EndTime":"27-09-2019 14:56:04","TotalTime":"0days:0hh:1min:29secs","Passed":"20","Failed":"1","TestSteps":[{"ScreenShot":null,"Description":"Invoked browser : Chrome","StepStatus":"Pass","No":"0","DateTime":"27-09-2019 14:54:43"},{"ScreenShot":null,"Description":"Login into SalesCRM","StepStatus":"Info","No":"1","DateTime":"27-09-2019 14:54:43"},{"ScreenShot":"PSTS_CreateLead-Chr76Win10_16.png","Description":"Username is set to apptest@ggktech.com","StepStatus":"Pass","No":"2","DateTime":"27-09-2019 14:54:46"},{"ScreenShot":"PSTS_CreateLead-Chr76Win10_17.png","Description":"Password is entered","StepStatus":"Pass","No":"3","DateTime":"27-09-2019 14:54:50"},{"ScreenShot":null,"Description":"Login is clicked","StepStatus":"Pass","No":"4","DateTime":"27-09-2019 14:54:50"},{"ScreenShot":null,"Description":"CRM Home page : Home is displayed","StepStatus":"Pass","No":"5","DateTime":"27-09-2019 14:55:00"},{"ScreenShot":null,"Description":"Home : Page Load Time is : 3secs","StepStatus":"Pass","No":"6","DateTime":"27-09-2019 14:55:00"},{"ScreenShot":null,"Description":"Broken Links are present in the page","StepStatus":"Warning","No":"7","DateTime":"27-09-2019 14:55:04"},{"ScreenShot":null,"Description":"BrokenLinkchrome --- TS_CreateLead --- Link text :  --- URL : http://demo.ggktech.com/Dashboard/Home --- 500 --- Internal Server Error","StepStatus":"Warning","No":"8","DateTime":"27-09-2019 14:55:04"},{"ScreenShot":null,"Description":"BrokenLinkchrome --- TS_CreateLead --- Link text : 0 --- URL : http://demo.ggktech.com/Dashboard/Home# --- 500 --- Internal Server Error","StepStatus":"Warning","No":"9","DateTime":"27-09-2019 14:55:04"},{"ScreenShot":null,"Description":"BrokenLinkchrome --- TS_CreateLead --- Link text : Test Admin --- URL : http://demo.ggktech.com/Dashboard/Home# --- 500 --- Internal Server Error","StepStatus":"Warning","No":"10","DateTime":"27-09-2019 14:55:04"},{"ScreenShot":null,"Description":"BrokenLinkchrome --- TS_CreateLead --- Link text :  --- URL : http://demo.ggktech.com/Dashboard/Home# --- 500 --- Internal Server Error","StepStatus":"Warning","No":"11","DateTime":"27-09-2019 14:55:04"},{"ScreenShot":null,"Description":"BrokenLinkchrome --- TS_CreateLead --- Link text :  --- URL : http://demo.ggktech.com/Dashboard/Home --- 500 --- Internal Server Error","StepStatus":"Warning","No":"12","DateTime":"27-09-2019 14:55:04"},{"ScreenShot":null,"Description":"BrokenLinkchrome --- TS_CreateLead --- Link text :  --- URL : http://demo.ggktech.com/Email/EmailTemplate --- 500 --- Internal Server Error","StepStatus":"Warning","No":"13","DateTime":"27-09-2019 14:55:04"},{"ScreenShot":null,"Description":"BrokenLinkchrome --- TS_CreateLead --- Link text :  --- URL : http://demo.ggktech.com/Email/EmailTemplateSearch --- 500 --- Internal Server Error","StepStatus":"Warning","No":"14","DateTime":"27-09-2019 14:55:04"},{"ScreenShot":null,"Description":"BrokenLinkchrome --- TS_CreateLead --- Link text :  --- URL : http://demo.ggktech.com/Dashboard/Home#control-sidebar-home-tab --- 500 --- Internal Server Error","StepStatus":"Warning","No":"15","DateTime":"27-09-2019 14:55:04"},{"ScreenShot":null,"Description":"BrokenLinkchrome --- TS_CreateLead --- Link text :  --- URL : http://demo.ggktech.com/Dashboard/Home# --- 500 --- Internal Server Error","StepStatus":"Warning","No":"16","DateTime":"27-09-2019 14:55:04"},{"ScreenShot":null,"Description":"BrokenLinkchrome --- TS_CreateLead --- Link text :  --- URL : http://demo.ggktech.com/Dashboard/Home# --- 500 --- Internal Server Error","StepStatus":"Warning","No":"17","DateTime":"27-09-2019 14:55:04"},{"ScreenShot":null,"Description":"BrokenLinkchrome --- TS_CreateLead --- Link text :  --- URL : http://demo.ggktech.com/Dashboard/Home# --- 500 --- Internal Server Error","StepStatus":"Warning","No":"18","DateTime":"27-09-2019 14:55:04"},{"ScreenShot":null,"Description":"BrokenLinkchrome --- TS_CreateLead --- Link text :  --- URL : http://demo.ggktech.com/Dashboard/Home# --- 500 --- Internal Server Error","StepStatus":"Warning","No":"19","DateTime":"27-09-2019 14:55:04"},{"ScreenShot":null,"Description":"Number of Malformed urls present in the page : 14","StepStatus":"Warning","No":"20","DateTime":"27-09-2019 14:55:04"},{"ScreenShot":null,"Description":"Navigate to Create Lead Page","StepStatus":"Info","No":"21","DateTime":"27-09-2019 14:55:04"},{"ScreenShot":null,"Description":"Leadmangement button is clicked","StepStatus":"Pass","No":"22","DateTime":"27-09-2019 14:55:08"},{"ScreenShot":null,"Description":"Create lead button is clicked","StepStatus":"Pass","No":"23","DateTime":"27-09-2019 14:55:19"},{"ScreenShot":null,"Description":"Create Lead Page : Create Lead is displayed","StepStatus":"Pass","No":"24","DateTime":"27-09-2019 14:55:28"},{"ScreenShot":null,"Description":"Create Lead : Page Load Time is : 1secs","StepStatus":"Pass","No":"25","DateTime":"27-09-2019 14:55:28"},{"ScreenShot":null,"Description":"Broken Links are present in the page","StepStatus":"Warning","No":"26","DateTime":"27-09-2019 14:55:39"},{"ScreenShot":null,"Description":"BrokenLinkchrome --- TS_CreateLead --- Link text :  --- URL : http://demo.ggktech.com/Dashboard/Home --- 500 --- Internal Server Error","StepStatus":"Warning","No":"27","DateTime":"27-09-2019 14:55:39"},{"ScreenShot":null,"Description":"BrokenLinkchrome --- TS_CreateLead --- Link text :  --- URL : http://demo.ggktech.com/Dashboard/Home --- 500 --- Internal Server Error","StepStatus":"Warning","No":"28","DateTime":"27-09-2019 14:55:39"},{"ScreenShot":null,"Description":"BrokenLinkchrome --- TS_CreateLead --- Link text :  --- URL : http://demo.ggktech.com/Email/EmailTemplate --- 500 --- Internal Server Error","StepStatus":"Warning","No":"29","DateTime":"27-09-2019 14:55:39"},{"ScreenShot":null,"Description":"BrokenLinkchrome --- TS_CreateLead --- Link text :  --- URL : http://demo.ggktech.com/Email/EmailTemplateSearch --- 500 --- Internal Server Error","StepStatus":"Warning","No":"30","DateTime":"27-09-2019 14:55:39"},{"ScreenShot":null,"Description":"Number of Malformed urls present in the page : 7","StepStatus":"Warning","No":"31","DateTime":"27-09-2019 14:55:39"},{"ScreenShot":null,"Description":"Enter the Lead details and click on Save","StepStatus":"Info","No":"32","DateTime":"27-09-2019 14:55:39"},{"ScreenShot":"PSTS_CreateLead-Chr76Win10_18.png","Description":"Orginisation is set to SolutionProvider","StepStatus":"Pass","No":"33","DateTime":"27-09-2019 14:55:39"},{"ScreenShot":"PSTS_CreateLead-Chr76Win10_19.png","Description":"Website is set to http:\\www.google745.95402115945821.co.in","StepStatus":"Pass","No":"34","DateTime":"27-09-2019 14:55:40"},{"ScreenShot":"PSTS_CreateLead-Chr76Win10_20.png","Description":"Country is set to United States","StepStatus":"Pass","No":"35","DateTime":"27-09-2019 14:55:41"},{"ScreenShot":"PSTS_CreateLead-Chr76Win10_21.png","Description":"State is set to Alabama","StepStatus":"Pass","No":"36","DateTime":"27-09-2019 14:55:45"},{"ScreenShot":"PSTS_CreateLead-Chr76Win10_22.png","Description":"Contact First Name is set to Brian","StepStatus":"Pass","No":"37","DateTime":"27-09-2019 14:55:49"},{"ScreenShot":"PSTS_CreateLead-Chr76Win10_23.png","Description":"Contact Last Name is set to John","StepStatus":"Pass","No":"38","DateTime":"27-09-2019 14:55:50"},{"ScreenShot":"PSTS_CreateLead-Chr76Win10_24.png","Description":"Contact Designation is set to Sales Manager","StepStatus":"Pass","No":"39","DateTime":"27-09-2019 14:55:50"},{"ScreenShot":"PSTS_CreateLead-Chr76Win10_25.png","Description":"Contact Email is set to JohnB@gmail.com","StepStatus":"Pass","No":"40","DateTime":"27-09-2019 14:55:51"},{"ScreenShot":null,"Description":"Add Contact is clicked","StepStatus":"Pass","No":"41","DateTime":"27-09-2019 14:55:52"},{"ScreenShot":null,"Description":"Save button is clicked","StepStatus":"Pass","No":"42","DateTime":"27-09-2019 14:56:04"},{"ScreenShot":"FSTS_CreateLead-Chr76Win10_26.png","Description":"Verifying success message : 'Saved Successfully!!!' is displayed instead of 'Lead Saved Successfully!!!'","StepStatus":"Fail","No":"43","DateTime":"27-09-2019 14:56:04"}]}