{"Name":"TS_CountNumberOfRecords","Status":"Passed","Server":"Local","TestEnv":"QA","Id":null,"StartTime":"27-09-2019 14:56:28","EndTime":"27-09-2019 15:00:01","TotalTime":"0days:0hh:3min:33secs","Passed":"18","Failed":"0","TestSteps":[{"ScreenShot":null,"Description":"Invoked browser : Chrome","StepStatus":"Pass","No":"0","DateTime":"27-09-2019 14:56:35"},{"ScreenShot":"PSTS_CountNumberOfRecords-Chr76Win10_27.png","Description":"Username is set to apptest@ggktech.com","StepStatus":"Pass","No":"1","DateTime":"27-09-2019 14:56:39"},{"ScreenShot":"PSTS_CountNumberOfRecords-Chr76Win10_28.png","Description":"Password is entered","StepStatus":"Pass","No":"2","DateTime":"27-09-2019 14:56:42"},{"ScreenShot":null,"Description":"Login is clicked","StepStatus":"Pass","No":"3","DateTime":"27-09-2019 14:56:43"},{"ScreenShot":null,"Description":"CRM Home page : Home is displayed","StepStatus":"Pass","No":"4","DateTime":"27-09-2019 14:56:52"},{"ScreenShot":null,"Description":"Home : Page Load Time is : 4secs","StepStatus":"Pass","No":"5","DateTime":"27-09-2019 14:56:52"},{"ScreenShot":null,"Description":"Broken Links are present in the page","StepStatus":"Warning","No":"6","DateTime":"27-09-2019 14:56:57"},{"ScreenShot":null,"Description":"BrokenLinkchrome --- TS_CountNumberOfRecords --- Link text :  --- URL : http://demo.ggktech.com/Dashboard/Home --- 500 --- Internal Server Error","StepStatus":"Warning","No":"7","DateTime":"27-09-2019 14:56:57"},{"ScreenShot":null,"Description":"BrokenLinkchrome --- TS_CountNumberOfRecords --- Link text : 0 --- URL : http://demo.ggktech.com/Dashboard/Home# --- 500 --- Internal Server Error","StepStatus":"Warning","No":"8","DateTime":"27-09-2019 14:56:57"},{"ScreenShot":null,"Description":"BrokenLinkchrome --- TS_CountNumberOfRecords --- Link text : Test Admin --- URL : http://demo.ggktech.com/Dashboard/Home# --- 500 --- Internal Server Error","StepStatus":"Warning","No":"9","DateTime":"27-09-2019 14:56:57"},{"ScreenShot":null,"Description":"BrokenLinkchrome --- TS_CountNumberOfRecords --- Link text :  --- URL : http://demo.ggktech.com/Dashboard/Home# --- 500 --- Internal Server Error","StepStatus":"Warning","No":"10","DateTime":"27-09-2019 14:56:57"},{"ScreenShot":null,"Description":"BrokenLinkchrome --- TS_CountNumberOfRecords --- Link text :  --- URL : http://demo.ggktech.com/Dashboard/Home --- 500 --- Internal Server Error","StepStatus":"Warning","No":"11","DateTime":"27-09-2019 14:56:57"},{"ScreenShot":null,"Description":"BrokenLinkchrome --- TS_CountNumberOfRecords --- Link text :  --- URL : http://demo.ggktech.com/Email/EmailTemplate --- 500 --- Internal Server Error","StepStatus":"Warning","No":"12","DateTime":"27-09-2019 14:56:57"},{"ScreenShot":null,"Description":"BrokenLinkchrome --- TS_CountNumberOfRecords --- Link text :  --- URL : http://demo.ggktech.com/Email/EmailTemplateSearch --- 500 --- Internal Server Error","StepStatus":"Warning","No":"13","DateTime":"27-09-2019 14:56:57"},{"ScreenShot":null,"Description":"BrokenLinkchrome --- TS_CountNumberOfRecords --- Link text :  --- URL : http://demo.ggktech.com/Dashboard/Home#control-sidebar-home-tab --- 500 --- Internal Server Error","StepStatus":"Warning","No":"14","DateTime":"27-09-2019 14:56:57"},{"ScreenShot":null,"Description":"BrokenLinkchrome --- TS_CountNumberOfRecords --- Link text :  --- URL : http://demo.ggktech.com/Dashboard/Home# --- 500 --- Internal Server Error","StepStatus":"Warning","No":"15","DateTime":"27-09-2019 14:56:57"},{"ScreenShot":null,"Description":"BrokenLinkchrome --- TS_CountNumberOfRecords --- Link text :  --- URL : http://demo.ggktech.com/Dashboard/Home# --- 500 --- Internal Server Error","StepStatus":"Warning","No":"16","DateTime":"27-09-2019 14:56:57"},{"ScreenShot":null,"Description":"BrokenLinkchrome --- TS_CountNumberOfRecords --- Link text :  --- URL : http://demo.ggktech.com/Dashboard/Home# --- 500 --- Internal Server Error","StepStatus":"Warning","No":"17","DateTime":"27-09-2019 14:56:57"},{"ScreenShot":null,"Description":"BrokenLinkchrome --- TS_CountNumberOfRecords --- Link text :  --- URL : http://demo.ggktech.com/Dashboard/Home# --- 500 --- Internal Server Error","StepStatus":"Warning","No":"18","DateTime":"27-09-2019 14:56:57"},{"ScreenShot":null,"Description":"Number of Malformed urls present in the page : 14","StepStatus":"Warning","No":"19","DateTime":"27-09-2019 14:56:57"},{"ScreenShot":null,"Description":"Leadmangement button is clicked","StepStatus":"Pass","No":"20","DateTime":"27-09-2019 14:57:22"},{"ScreenShot":null,"Description":"Search lead button is clicked","StepStatus":"Pass","No":"21","DateTime":"27-09-2019 14:57:42"},{"ScreenShot":null,"Description":"Searchleads Page : GetLeadDetails is displayed","StepStatus":"Pass","No":"22","DateTime":"27-09-2019 14:57:51"},{"ScreenShot":null,"Description":"GetLeadDetails : Page Load Time is : 1secs","StepStatus":"Pass","No":"23","DateTime":"27-09-2019 14:57:51"},{"ScreenShot":null,"Description":"Broken Links are present in the page","StepStatus":"Warning","No":"24","DateTime":"27-09-2019 14:57:54"},{"ScreenShot":null,"Description":"BrokenLinkchrome --- TS_CountNumberOfRecords --- Link text :  --- URL : http://demo.ggktech.com/Dashboard/Home --- 500 --- Internal Server Error","StepStatus":"Warning","No":"25","DateTime":"27-09-2019 14:57:54"},{"ScreenShot":null,"Description":"BrokenLinkchrome --- TS_CountNumberOfRecords --- Link text :  --- URL : http://demo.ggktech.com/Dashboard/Home --- 500 --- Internal Server Error","StepStatus":"Warning","No":"26","DateTime":"27-09-2019 14:57:54"},{"ScreenShot":null,"Description":"BrokenLinkchrome --- TS_CountNumberOfRecords --- Link text :  --- URL : http://demo.ggktech.com/Email/EmailTemplate --- 500 --- Internal Server Error","StepStatus":"Warning","No":"27","DateTime":"27-09-2019 14:57:54"},{"ScreenShot":null,"Description":"BrokenLinkchrome --- TS_CountNumberOfRecords --- Link text :  --- URL : http://demo.ggktech.com/Email/EmailTemplateSearch --- 500 --- Internal Server Error","StepStatus":"Warning","No":"28","DateTime":"27-09-2019 14:57:54"},{"ScreenShot":null,"Description":"BrokenLinkchrome --- TS_CountNumberOfRecords --- Link text :  --- URL : http://demo.ggktech.com/Grid/ExportFile --- 500 --- Internal Server Error","StepStatus":"Warning","No":"29","DateTime":"27-09-2019 14:57:54"},{"ScreenShot":null,"Description":"Number of Malformed urls present in the page : 32","StepStatus":"Warning","No":"30","DateTime":"27-09-2019 14:57:54"},{"ScreenShot":null,"Description":"Records count : 10 is selected","StepStatus":"Pass","No":"31","DateTime":"27-09-2019 14:57:55"},{"ScreenShot":null,"Description":"Clicked on Delete button is clicked","StepStatus":"Pass","No":"32","DateTime":"27-09-2019 14:58:14"},{"ScreenShot":null,"Description":"Clicked on Delete button is clicked","StepStatus":"Pass","No":"33","DateTime":"27-09-2019 14:58:33"},{"ScreenShot":null,"Description":"Clicked on Delete button is clicked","StepStatus":"Pass","No":"34","DateTime":"27-09-2019 14:58:52"},{"ScreenShot":null,"Description":"Clicked on Delete button is clicked","StepStatus":"Pass","No":"35","DateTime":"27-09-2019 14:59:12"},{"ScreenShot":null,"Description":"Clicked on Delete button is clicked","StepStatus":"Pass","No":"36","DateTime":"27-09-2019 14:59:31"},{"ScreenShot":null,"Description":"Username is clicked","StepStatus":"Pass","No":"37","DateTime":"27-09-2019 14:59:50"},{"ScreenShot":null,"Description":"Logout button is clicked","StepStatus":"Pass","No":"38","DateTime":"27-09-2019 15:00:01"}]}